{
  "arm_name": "drop14",
  "total_patients": 349,
  "n_features": 19,
  "nan_counts_before_imputation": {
    "st_elevation_v1": 1,
    "st_elevation_v2": 1,
    "st_elevation_v3": 0,
    "qrs_duration_v1": 4,
    "qrs_duration_v2": 13,
    "qrs_duration_v3": 14,
    "rj_interval_v1": 1,
    "p_wave_duration_ii": 18,
    "p_wave_duration_v1": 27,
    "p_wave_amplitude_ii": 0,
    "p_wave_amplitude_v1": 0,
    "t_wave_amplitude_v1": 20,
    "t_wave_amplitude_v2": 2,
    "t_wave_amplitude_v3": 0,
    "t_wave_symmetry_v2": 16,
    "st_t_ratio_v2": 3,
    "rr_mean_ii": 0,
    "rr_std_ii": 0,
    "heart_rate": 0
  },
  "median_fill_values": {
    "st_elevation_v1": 0.03056587079328516,
    "st_elevation_v2": 0.12726169904507956,
    "st_elevation_v3": 0.10450963828118681,
    "qrs_duration_v1": 200.71428571428572,
    "qrs_duration_v2": 125.88235294117646,
    "qrs_duration_v3": 109.0,
    "rj_interval_v1": 43.17307692307692,
    "p_wave_duration_ii": 88.125,
    "p_wave_duration_v1": 60.0,
    "p_wave_amplitude_ii": 0.061451655830755826,
    "p_wave_amplitude_v1": 0.0372603367323263,
    "t_wave_amplitude_v1": 0.10688500026349616,
    "t_wave_amplitude_v2": 0.2954262342584374,
    "t_wave_amplitude_v3": 0.4047618574689922,
    "t_wave_symmetry_v2": 0.937702922077922,
    "st_t_ratio_v2": 0.4197320358291852,
    "rr_mean_ii": 861.5384615384615,
    "rr_std_ii": 27.988092706244444,
    "heart_rate": 69.64285714285714
  },
  "class_distribution": {
    "positive": 72,
    "negative": 277
  },
  "fold_sizes": {
    "0": {
      "train": 279,
      "test": 70
    },
    "1": {
      "train": 279,
      "test": 70
    },
    "2": {
      "train": 279,
      "test": 70
    },
    "3": {
      "train": 279,
      "test": 70
    },
    "4": {
      "train": 280,
      "test": 69
    }
  }
}